name,country_from,league_from,club_from,country_to,league_to,club_to
Erling Haaland,Germany,Bundesliga,Borussia Dortmund,England,Premier League,Manchester City
Enzo Fernández,Portugal,Liga Portugal,SL Benfica,England,Premier League,Chelsea FC
Antony,Netherlands,Eredivisie,Ajax Amsterdam,England,Premier League,Manchester United
Wesley Fofana,England,Premier League,Leicester City,England,Premier League,Chelsea FC
Aurélien Tchouaméni,Monaco,Ligue 1,AS Monaco,Spain,LaLiga,Real Madrid
Casemiro,Spain,LaLiga,Real Madrid,England,Premier League,Manchester United
Alexander Isak,Spain,LaLiga,Real Sociedad,England,Premier League,Newcastle United
Mykhaylo Mudryk,Ukraine,Premier Liga,Shakhtar Donetsk,England,Premier League,Chelsea FC
Matthijs de Ligt,Italy,Serie A,Juventus FC,Germany,Bundesliga,Bayern Munich
Raheem Sterling,England,Premier League,Manchester City,England,Premier League,Chelsea FC
Sadio Mané,England,Premier League,Liverpool FC,Germany,Bundesliga,Bayern Munich
Romelu Lukaku,England,Premier League,Chelsea FC,Italy,Serie A,Inter Milan
João Cancelo,England,Premier League,Manchester City,Germany,Bundesliga,Bayern Munich
Marc Cucurella,England,Premier League,Brighton & Hove Albion,England,Premier League,Chelsea FC
Federico Chiesa,Italy,Serie A,ACF Fiorentina,Italy,Serie A,Juventus FC
Jules Koundé,Spain,LaLiga,Sevilla FC,Spain,LaLiga,FC Barcelona
Cody Gakpo,Netherlands,Eredivisie,PSV Eindhoven,England,Premier League,Liverpool FC
Richarlison,England,Premier League,Everton FC,England,Premier League,Tottenham Hotspur
Raphinha,England,Premier League,Leeds United,Spain,LaLiga,FC Barcelona
Lisandro Martínez,Netherlands,Eredivisie,Ajax Amsterdam,England,Premier League,Manchester United
Darwin Núñez,Portugal,Liga Portugal,SL Benfica,England,Premier League,Liverpool FC
Fabián Ruiz,Italy,Serie A,SSC Napoli,France,Ligue 1,Paris Saint-Germain
Gabriel Jesus,England,Premier League,Manchester City,England,Premier League,Arsenal FC
Cristian Romero,Italy,Serie A,Atalanta BC,England,Premier League,Tottenham Hotspur
Kalvin Phillips,England,Premier League,Leeds United,England,Premier League,Manchester City
Carlos Soler,Spain,LaLiga,Valencia CF,France,Ligue 1,Paris Saint-Germain
João Félix,Spain,LaLiga,Atlético de Madrid,England,Premier League,Chelsea FC
Paul Pogba,England,Premier League,Manchester United,Italy,Serie A,Juventus FC
Anthony Gordon,England,Premier League,Everton FC,England,Premier League,Newcastle United
Robert Lewandowski,Germany,Bundesliga,Bayern Munich,Spain,LaLiga,FC Barcelona
Matheus Nunes,Portugal,Liga Portugal,Sporting CP,England,Premier League,Wolverhampton Wanderers
Franck Kessié,Italy,Serie A,AC Milan,Spain,LaLiga,FC Barcelona
Enzo Fernández,Argentina,Liga Profesional,CA River Plate,Portugal,Liga Portugal,SL Benfica
Lucas Paquetá,France,Ligue 1,Olympique Lyon,England,Premier League,West Ham United
Amine Gouiri,France,Ligue 1,OGC Nice,France,Ligue 1,Stade Rennais FC
Vitinha,Portugal,Liga Portugal,FC Porto,France,Ligue 1,Paris Saint-Germain
Bremer,Italy,Serie A,Torino FC,Italy,Serie A,Juventus FC
Nuno Mendes,Portugal,Liga Portugal,Sporting CP,France,Ligue 1,Paris Saint-Germain
Benoît Badiashile,Monaco,Ligue 1,AS Monaco,England,Premier League,Chelsea FC
Gonçalo Guedes,Spain,LaLiga,Valencia CF,England,Premier League,Wolverhampton Wanderers
Diego Carlos,Spain,LaLiga,Sevilla FC,England,Premier League,Aston Villa
Antonio Rüdiger,England,Premier League,Chelsea FC,Spain,LaLiga,Real Madrid
Kalidou Koulibaly,Italy,Serie A,SSC Napoli,England,Premier League,Chelsea FC
Sven Botman,France,Ligue 1,LOSC Lille,England,Premier League,Newcastle United
Gianluca Scamacca,Italy,Serie A,US Sassuolo,England,Premier League,West Ham United
Fábio Vieira,Portugal,Liga Portugal,FC Porto,England,Premier League,Arsenal FC
Nayef Aguerd,France,Ligue 1,Stade Rennais FC,England,Premier League,West Ham United
Oleksandr Zinchenko,England,Premier League,Manchester City,England,Premier League,Arsenal FC
Amadou Onana,France,Ligue 1,LOSC Lille,England,Premier League,Everton FC
Noni Madueke,Netherlands,Eredivisie,PSV Eindhoven,England,Premier League,Chelsea FC
Sébastien Haller,Netherlands,Eredivisie,Ajax Amsterdam,Germany,Bundesliga,Borussia Dortmund
Karim Adeyemi,Austria,Bundesliga,Red Bull Salzburg,Germany,Bundesliga,Borussia Dortmund
Yves Bissouma,England,Premier League,Brighton & Hove Albion,England,Premier League,Tottenham Hotspur
Timo Werner,England,Premier League,Chelsea FC,Germany,Bundesliga,RB Leipzig
Ryan Gravenberch,Netherlands,Eredivisie,Ajax Amsterdam,Germany,Bundesliga,Bayern Munich
Jorginho,England,Premier League,Chelsea FC,England,Premier League,Arsenal FC
Arnaut Danjuma,Spain,LaLiga,Villarreal CF,England,Premier League,Tottenham Hotspur
Niklas Süle,Germany,Bundesliga,Bayern Munich,Germany,Bundesliga,Borussia Dortmund
Andreas Christensen,England,Premier League,Chelsea FC,Spain,LaLiga,FC Barcelona
Paulo Dybala,Italy,Serie A,Juventus FC,Italy,Serie A,AS Roma
Nico Schlotterbeck,Germany,Bundesliga,SC Freiburg,Germany,Bundesliga,Borussia Dortmund
Brenden Aaronson,Austria,Bundesliga,Red Bull Salzburg,England,Premier League,Leeds United
Charles De Ketelaere,Belgium,Jupiler Pro League,Club Brugge KV,Italy,Serie A,AC Milan
Vitinha,Portugal,Liga Portugal,SC Braga,France,Ligue 1,Olympique Marseille
Gonçalo Guedes,England,Premier League,Wolverhampton Wanderers,Portugal,Liga Portugal,SL Benfica
Steven Bergwijn,England,Premier League,Tottenham Hotspur,Netherlands,Eredivisie,Ajax Amsterdam
Malo Gusto,France,Ligue 1,Olympique Lyon,England,Premier League,Chelsea FC
Leandro Trossard,England,Premier League,Brighton & Hove Albion,England,Premier League,Arsenal FC
Manuel Akanji,Germany,Bundesliga,Borussia Dortmund,England,Premier League,Manchester City
Frank Anguissa,England,Premier League,Fulham FC,Italy,Serie A,SSC Napoli
Nicolò Zaniolo,Italy,Serie A,AS Roma,Turkey,Süper Lig,Galatasaray
Renan Lodi,Spain,LaLiga,Atlético de Madrid,England,Premier League,Nottingham Forest
Tanguy Ndombélé,England,Premier League,Tottenham Hotspur,Italy,Serie A,SSC Napoli
Angeliño,Germany,Bundesliga,RB Leipzig,Germany,Bundesliga,TSG 1899 Hoffenheim
Morgan Gibbs-White,England,Premier League,Wolverhampton Wanderers,England,Premier League,Nottingham Forest
Renato Sanches,France,Ligue 1,LOSC Lille,France,Ligue 1,Paris Saint-Germain
Leander Dendoncker,England,Premier League,Wolverhampton Wanderers,England,Premier League,Aston Villa
Giacomo Raspadori,Italy,Serie A,US Sassuolo,Italy,Serie A,SSC Napoli
Hugo Ekitiké,France,Ligue 1,Stade Reims,France,Ligue 1,Paris Saint-Germain
Mohamed Camara,Austria,Bundesliga,Red Bull Salzburg,Monaco,Ligue 1,AS Monaco
Xaver Schlager,Germany,Bundesliga,VfL Wolfsburg,Germany,Bundesliga,RB Leipzig
Denis Zakaria,Italy,Serie A,Juventus FC,England,Premier League,Chelsea FC
David Raum,Germany,Bundesliga,TSG 1899 Hoffenheim,Germany,Bundesliga,RB Leipzig
Luis Sinisterra,Netherlands,Eredivisie,Feyenoord Rotterdam,England,Premier League,Leeds United
Jakub Kiwior,Italy,Serie A,Spezia Calcio,England,Premier League,Arsenal FC
Kamaldeen Sulemana,France,Ligue 1,Stade Rennais FC,England,Premier League,Southampton FC
Merih Demiral,Italy,Serie A,Juventus FC,Italy,Serie A,Atalanta BC
João Palhinha,Portugal,Liga Portugal,Sporting CP,England,Premier League,Fulham FC
Danilo,Brazil,Paulistão A1 - Primeira fase,Sociedade Esportiva Palmeiras,England,Premier League,Nottingham Forest
Sasa Kalajdzic,Germany,Bundesliga,VfB Stuttgart,England,Premier League,Wolverhampton Wanderers
Mattéo Guendouzi,England,Premier League,Arsenal FC,France,Ligue 1,Olympique Marseille
Pedro Porro,England,Premier League,Manchester City,Portugal,Liga Portugal,Sporting CP
Raúl de Tomás,Spain,LaLiga,RCD Espanyol Barcelona,Spain,LaLiga,Rayo Vallecano
Pedro Porro,Portugal,Liga Portugal,Sporting CP,England,Premier League,Tottenham Hotspur
Lucas Ocampos,Spain,LaLiga,Sevilla FC,Netherlands,Eredivisie,Ajax Amsterdam
Lorenzo Insigne,Italy,Serie A,SSC Napoli,Canada,MLS,Toronto FC
Boubacar Kamara,France,Ligue 1,Olympique Marseille,England,Premier League,Aston Villa
Conor Coady,England,Premier League,Wolverhampton Wanderers,England,Premier League,Everton FC
Nicolas Pépé,England,Premier League,Arsenal FC,France,Ligue 1,OGC Nice
Callum Hudson-Odoi,England,Premier League,Chelsea FC,Germany,Bundesliga,Bayer 04 Leverkusen
Sergio Reguilón,England,Premier League,Tottenham Hotspur,Spain,LaLiga,Atlético de Madrid
Nathan Collins,England,Championship,Burnley FC,England,Premier League,Wolverhampton Wanderers
Filip Kostić,Germany,Bundesliga,Eintracht Frankfurt,Italy,Serie A,Juventus FC
Joaquín Correa,Italy,Serie A,SS Lazio,Italy,Serie A,Inter Milan
Calvin Bassey,Scotland,Premiership,Rangers FC,Netherlands,Eredivisie,Ajax Amsterdam
Ilya Zabarnyi,Ukraine,Premier Liga,Dynamo Kyiv,England,Premier League,AFC Bournemouth
Jérémie Boga,Italy,Serie A,US Sassuolo,Italy,Serie A,Atalanta BC
Sofiane Diop,Monaco,Ligue 1,AS Monaco,France,Ligue 1,OGC Nice
Thilo Kehrer,France,Ligue 1,Paris Saint-Germain,England,Premier League,West Ham United
Cengiz Ünder,Italy,Serie A,AS Roma,France,Ligue 1,Olympique Marseille
Viktor Tsygankov,Ukraine,Premier Liga,Dynamo Kyiv,Spain,LaLiga,Girona FC
James Tarkowski,England,Championship,Burnley FC,England,Premier League,Everton FC
Giovani Lo Celso,England,Premier League,Tottenham Hotspur,Spain,LaLiga,Villarreal CF
Julian Weigl,Portugal,Liga Portugal,SL Benfica,Germany,Bundesliga,Borussia Mönchengladbach
Jan Bednarek,England,Premier League,Southampton FC,England,Premier League,Aston Villa
Mauro Icardi,France,Ligue 1,Paris Saint-Germain,Turkey,Süper Lig,Galatasaray
Hamed Junior Traorè,Italy,Serie A,US Sassuolo,England,Premier League,AFC Bournemouth
Weston McKennie,Italy,Serie A,Juventus FC,England,Premier League,Leeds United
Maxwel Cornet,England,Championship,Burnley FC,England,Premier League,West Ham United
Taiwo Awoniyi,Germany,Bundesliga,1.FC Union Berlin,England,Premier League,Nottingham Forest
David Carmo,Portugal,Liga Portugal,SC Braga,Portugal,Liga Portugal,FC Porto
Philippe Coutinho,Spain,LaLiga,FC Barcelona,England,Premier League,Aston Villa
Neco Williams,England,Premier League,Liverpool FC,England,Premier League,Nottingham Forest
Mathys Tel,France,Ligue 1,Stade Rennais FC,Germany,Bundesliga,Bayern Munich
Nahuel Molina,Italy,Serie A,Udinese Calcio,Spain,LaLiga,Atlético de Madrid
Arnaud Kalimuendo,France,Ligue 1,Paris Saint-Germain,France,Ligue 1,Stade Rennais FC
Umar Sadiq,Spain,LaLiga,UD Almería,Spain,LaLiga,Real Sociedad
Pervis Estupiñán,Spain,LaLiga,Villarreal CF,England,Premier League,Brighton & Hove Albion
David Neres,Ukraine,Premier Liga,Shakhtar Donetsk,Portugal,Liga Portugal,SL Benfica
Dodô,Ukraine,Premier Liga,Shakhtar Donetsk,Italy,Serie A,ACF Fiorentina
Álex Moreno,Spain,LaLiga,Real Betis Balompié,England,Premier League,Aston Villa
Adam Hlozek,Czech Republic,Fortuna Liga,AC Sparta Prague,Germany,Bundesliga,Bayer 04 Leverkusen
Nordi Mukiele,Germany,Bundesliga,RB Leipzig,France,Ligue 1,Paris Saint-Germain
Remo Freuler,Italy,Serie A,Atalanta BC,England,Premier League,Nottingham Forest
Lucas Torreira,England,Premier League,Arsenal FC,Turkey,Süper Lig,Galatasaray
Pablo Sarabia,France,Ligue 1,Paris Saint-Germain,England,Premier League,Wolverhampton Wanderers
Trincão,Spain,LaLiga,FC Barcelona,Portugal,Liga Portugal,Sporting CP
Memphis Depay,Spain,LaLiga,FC Barcelona,Spain,LaLiga,Atlético de Madrid
Antonin Barak,Italy,Serie A,Hellas Verona,Italy,Serie A,ACF Fiorentina
Noussair Mazraoui,Netherlands,Eredivisie,Ajax Amsterdam,Germany,Bundesliga,Bayern Munich
Christian Eriksen,England,Premier League,Brentford FC,England,Premier League,Manchester United
Andrea Pinamonti,Italy,Serie A,Inter Milan,Italy,Serie A,US Sassuolo
Nico González,Spain,LaLiga,FC Barcelona,Spain,LaLiga,Valencia CF
Andrea Belotti,Italy,Serie A,Torino FC,Italy,Serie A,AS Roma
Héctor Bellerín,England,Premier League,Arsenal FC,Spain,LaLiga,FC Barcelona
Matheus Cunha,Spain,LaLiga,Atlético de Madrid,England,Premier League,Wolverhampton Wanderers
Marcel Sabitzer,Germany,Bundesliga,Bayern Munich,England,Premier League,Manchester United
Keane Lewis-Potter,England,Championship,Hull City,England,Premier League,Brentford FC
Arthur Theate,Italy,Serie A,Bologna FC 1909,France,Ligue 1,Stade Rennais FC
Hassane Kamara,England,Championship,Watford FC,Italy,Serie A,Udinese Calcio
João Gomes,Brazil,Carioca - Taça Guanabara,CR Flamengo,England,Premier League,Wolverhampton Wanderers
Min-jae Kim,Turkey,Süper Lig,Fenerbahce,Italy,Serie A,SSC Napoli
Carney Chukwuemeka,England,Premier League,Aston Villa,England,Premier League,Chelsea FC
Destiny Udogie,Italy,Serie A,Udinese Calcio,England,Premier League,Tottenham Hotspur
Paul Onuachu,Belgium,Jupiler Pro League,KRC Genk,England,Premier League,Southampton FC
Dwight McNeil,England,Championship,Burnley FC,England,Premier League,Everton FC
Aaron Hickey,Italy,Serie A,Bologna FC 1909,England,Premier League,Brentford FC
Gaëtan Laborde,France,Ligue 1,Stade Rennais FC,France,Ligue 1,OGC Nice
Gerson,France,Ligue 1,Olympique Marseille,Brazil,Carioca - Taça Guanabara,CR Flamengo
Brais Méndez,Spain,LaLiga,Celta de Vigo,Spain,LaLiga,Real Sociedad
Neal Maupay,England,Premier League,Brighton & Hove Albion,England,Premier League,Everton FC
Moussa Niakhaté,Germany,Bundesliga,1.FSV Mainz 05,England,Premier League,Nottingham Forest
Mattia Zaccagni,Italy,Serie A,Hellas Verona,Italy,Serie A,SS Lazio
Zeki Celik,France,Ligue 1,LOSC Lille,Italy,Serie A,AS Roma
Arthur Melo,Italy,Serie A,Juventus FC,England,Premier League,Liverpool FC
Julian Draxler,France,Ligue 1,Paris Saint-Germain,Portugal,Liga Portugal,SL Benfica
Abdou Diallo,France,Ligue 1,Paris Saint-Germain,Germany,Bundesliga,RB Leipzig
Matthias Ginter,Germany,Bundesliga,Borussia Mönchengladbach,Germany,Bundesliga,SC Freiburg
Jesse Lingard,England,Premier League,Manchester United,England,Premier League,Nottingham Forest
Dean Henderson,England,Premier League,Manchester United,England,Premier League,Nottingham Forest
Alex Telles,England,Premier League,Manchester United,Spain,LaLiga,Sevilla FC
Georginio Wijnaldum,France,Ligue 1,Paris Saint-Germain,Italy,Serie A,AS Roma
Sergiño Dest,Spain,LaLiga,FC Barcelona,Italy,Serie A,AC Milan
André Gomes,England,Premier League,Everton FC,France,Ligue 1,LOSC Lille
Daniel James,England,Premier League,Leeds United,England,Premier League,Fulham FC
Nathan Redmond,England,Premier League,Southampton FC,Turkey,Süper Lig,Besiktas JK
Ruslan Malinovskyi,Italy,Serie A,Atalanta BC,France,Ligue 1,Olympique Marseille
Issa Diop,England,Premier League,West Ham United,England,Premier League,Fulham FC
Matt Targett,England,Premier League,Aston Villa,England,Premier League,Newcastle United
Tyler Adams,Germany,Bundesliga,RB Leipzig,England,Premier League,Leeds United
Wout Faes,France,Ligue 1,Stade Reims,England,Premier League,Leicester City
Harry Souttar,England,Championship,Stoke City,England,Premier League,Leicester City
Tyrell Malacia,Netherlands,Eredivisie,Feyenoord Rotterdam,England,Premier League,Manchester United
Marcos Senesi,Netherlands,Eredivisie,Feyenoord Rotterdam,England,Premier League,AFC Bournemouth
Jordan Veretout,Italy,Serie A,AS Roma,France,Ligue 1,Olympique Marseille
Giovanni Simeone,Italy,Serie B,Cagliari Calcio,Italy,Serie A,Hellas Verona
Destiny Udogie,Italy,Serie A,Hellas Verona,Italy,Serie A,Udinese Calcio
Giovanni Simeone,Italy,Serie A,Hellas Verona,Italy,Serie A,SSC Napoli
Yusuf Yazici,France,Ligue 1,LOSC Lille,Turkey,Süper Lig,Trabzonspor
Pedrinho,Ukraine,Premier Liga,Shakhtar Donetsk,Brazil,Série A,Clube Atlético Mineiro
Alessio Romagnoli,Italy,Serie A,AC Milan,Italy,Serie A,SS Lazio
Chancel Mbemba,Portugal,Liga Portugal,FC Porto,France,Ligue 1,Olympique Marseille
Destiny Udogie,England,Premier League,Tottenham Hotspur,Italy,Serie A,Udinese Calcio
Leandro Paredes,France,Ligue 1,Paris Saint-Germain,Italy,Serie A,Juventus FC
Kasper Dolberg,France,Ligue 1,OGC Nice,Spain,LaLiga,Sevilla FC
Hee-chan Hwang,Germany,Bundesliga,RB Leipzig,England,Premier League,Wolverhampton Wanderers
Jhon Durán,United States,MLS,Chicago Fire FC,England,Premier League,Aston Villa
Mathías Olivera,Spain,LaLiga,Getafe CF,Italy,Serie A,SSC Napoli
Brian Brobbey,Germany,Bundesliga,RB Leipzig,Netherlands,Eredivisie,Ajax Amsterdam
Georginio Rutter,Germany,Bundesliga,TSG 1899 Hoffenheim,England,Premier League,Leeds United
Tanguy Nianzou,Germany,Bundesliga,Bayern Munich,Spain,LaLiga,Sevilla FC
Danny Ings,England,Premier League,Aston Villa,England,Premier League,West Ham United
Jerry St. Juste,Germany,Bundesliga,1.FSV Mainz 05,Portugal,Liga Portugal,Sporting CP
Arkadiusz Milik,Italy,Serie A,SSC Napoli,France,Ligue 1,Olympique Marseille
Duje Caleta-Car,France,Ligue 1,Olympique Marseille,England,Premier League,Southampton FC
Matteo Pessina,Italy,Serie A,Atalanta BC,Italy,Serie A,AC Monza
Arkadiusz Milik,France,Ligue 1,Olympique Marseille,Italy,Serie A,Juventus FC
Randal Kolo Muani,France,Ligue 1,FC Nantes,Germany,Bundesliga,Eintracht Frankfurt
Yuri Alberto,Russia,Premier Liga,Zenit St. Petersburg,Brazil,Série A,Sport Club Corinthians Paulista
Luiz Felipe,Italy,Serie A,SS Lazio,Spain,LaLiga,Real Betis Balompié
Luka Jović,Spain,LaLiga,Real Madrid,Italy,Serie A,ACF Fiorentina
Bertrand Traoré,England,Premier League,Aston Villa,Turkey,Süper Lig,Basaksehir FK
Dele Alli,England,Premier League,Everton FC,Turkey,Süper Lig,Besiktas JK
Diadié Samassékou,Germany,Bundesliga,TSG 1899 Hoffenheim,Greece,Super League 1,Olympiacos Piraeus
Yuri Alberto,Russia,Premier Liga,Zenit St. Petersburg,Brazil,Paulistão A1 - Primeira fase,Sport Club Corinthians Paulista
Cheick Doucouré,France,Ligue 1,RC Lens,England,Premier League,Crystal Palace
Roman Yaremchuk,Portugal,Liga Portugal,SL Benfica,Belgium,Jupiler Pro League,Club Brugge KV
Takumi Minamino,England,Premier League,Liverpool FC,Monaco,Ligue 1,AS Monaco
Mikkel Damsgaard,Italy,Serie A,UC Sampdoria,England,Premier League,Brentford FC
Cesare Casadei,Italy,Primavera 1,Inter Milan Primavera,England,Premier League 2,Chelsea FC U21
Éverton,Portugal,Liga Portugal,SL Benfica,Brazil,Série A,CR Flamengo
Rasmus Kristensen,Austria,Bundesliga,Red Bull Salzburg,England,Premier League,Leeds United
Orel Mangala,Germany,Bundesliga,VfB Stuttgart,England,Premier League,Nottingham Forest
Breel Embolo,Germany,Bundesliga,Borussia Mönchengladbach,Monaco,Ligue 1,AS Monaco
Pierre-Emerick Aubameyang,Spain,LaLiga,FC Barcelona,England,Premier League,Chelsea FC
Khvicha Kvaratskhelia,Georgia,Crystalbet Erovnuli Liga,Dinamo Batumi,Italy,Serie A,SSC Napoli
Nick Pope,England,Championship,Burnley FC,England,Premier League,Newcastle United
Momo Cho,France,Ligue 1,Angers SCO,Spain,LaLiga,Real Sociedad
Mattias Svanberg,Italy,Serie A,Bologna FC 1909,Germany,Bundesliga,VfL Wolfsburg
Azzedine Ounahi,France,Ligue 1,Angers SCO,France,Ligue 1,Olympique Marseille
Jonathan Clauss,France,Ligue 1,RC Lens,France,Ligue 1,Olympique Marseille
Arthur Theate,Belgium,Jupiler Pro League,KV Oostende,Italy,Serie A,Bologna FC 1909
Konstantinos Mavropanos,England,Premier League,Arsenal FC,Germany,Bundesliga,VfB Stuttgart
Terem Moffi,France,Ligue 1,FC Lorient,France,Ligue 1,OGC Nice
Héctor Bellerín,Spain,LaLiga,FC Barcelona,Portugal,Liga Portugal,Sporting CP
Alexandre Lacazette,England,Premier League,Arsenal FC,France,Ligue 1,Olympique Lyon
Corentin Tolisso,Germany,Bundesliga,Bayern Munich,France,Ligue 1,Olympique Lyon
Fábio Silva,England,Premier League,Wolverhampton Wanderers,Belgium,Jupiler Pro League,RSC Anderlecht
Nuno Tavares,England,Premier League,Arsenal FC,France,Ligue 1,Olympique Marseille
Harry Winks,England,Premier League,Tottenham Hotspur,Italy,Serie A,UC Sampdoria
Amad Diallo,England,Premier League,Manchester United,England,Championship,Sunderland AFC
Justin Kluivert,Italy,Serie A,AS Roma,Spain,LaLiga,Valencia CF
Albert Sambi Lokonga,England,Premier League,Arsenal FC,England,Premier League,Crystal Palace
Emmanuel Dennis,England,Championship,Watford FC,England,Premier League,Nottingham Forest
Djed Spence,England,Championship,Middlesbrough FC,England,Premier League,Tottenham Hotspur
Diego Rossi,United States,MLS,Los Angeles FC,Turkey,Süper Lig,Fenerbahce
Emerson,England,Premier League,Chelsea FC,England,Premier League,West Ham United
Gavin Bazunu,England,Premier League 2,Manchester City U21,England,Premier League,Southampton FC
Mohamed Bayo,France,Ligue 1,Clermont Foot 63,France,Ligue 1,LOSC Lille
Victor Kristiansen,Denmark,Superligaen,FC Copenhagen,England,Premier League,Leicester City
Marcão,Turkey,Süper Lig,Galatasaray,Spain,LaLiga,Sevilla FC
Wout Weghorst,England,Championship,Burnley FC,England,Premier League,Manchester United
Sebastian Szymanski,Russia,Premier Liga,Dynamo Moscow,Netherlands,Eredivisie,Feyenoord Rotterdam
Walter Benítez,France,Ligue 1,OGC Nice,Netherlands,Eredivisie,PSV Eindhoven
Wout Weghorst,England,Championship,Burnley FC,Turkey,Süper Lig,Besiktas JK
Yangel Herrera,England,Premier League,Manchester City,Spain,LaLiga,Girona FC
Kayky,England,Premier League 2,Manchester City U21,Portugal,Liga Portugal,FC Paços de Ferreira
Jason Denayer,France,Ligue 1,Olympique Lyon,United Arab Emirates,UAE Pro League,FC Shabab Al-Ahli Dubai
Carlos Alcaraz,Argentina,Liga Profesional,Racing Club,England,Premier League,Southampton FC
Éderson,Italy,Serie A,US Salernitana 1919,Italy,Serie A,Atalanta BC
Lucas Gourna-Douath,France,Ligue 2,AS Saint-Étienne,Austria,Bundesliga,Red Bull Salzburg
Sékou Mara,France,Ligue 2,FC Girondins Bordeaux,England,Premier League,Southampton FC
Mattia Viti,Italy,Serie A,FC Empoli,France,Ligue 1,OGC Nice
Sergio Gómez,Belgium,Jupiler Pro League,RSC Anderlecht,England,Premier League,Manchester City
Fredrik Aursnes,Netherlands,Eredivisie,Feyenoord Rotterdam,Portugal,Liga Portugal,SL Benfica
Sasa Lukic,Italy,Serie A,Torino FC,England,Premier League,Fulham FC
Salih Özcan,Germany,Bundesliga,1. FC Köln,Germany,Bundesliga,Borussia Dortmund
Calvin Stengs,France,Ligue 1,OGC Nice,Belgium,Jupiler Pro League,Royal Antwerp FC
Ethan Ampadu,England,Premier League,Chelsea FC,Italy,Serie A,Spezia Calcio
James Rodríguez,Qatar,Stars League,Al-Rayyan SC,Greece,Super League 1,Olympiacos Piraeus
Fábio Silva,England,Premier League,Wolverhampton Wanderers,Netherlands,Eredivisie,PSV Eindhoven
Ivan Ilić,Italy,Serie A,Hellas Verona,Italy,Serie A,Torino FC
Djed Spence,England,Premier League,Tottenham Hotspur,France,Ligue 1,Stade Rennais FC
Andrey Santos,Brazil,Carioca - Taça Guanabara,Clube de Regatas Vasco da Gama,England,Premier League,Chelsea FC
Roméo Lavia,England,Premier League 2,Manchester City U21,England,Premier League,Southampton FC
Fernando Gorriarán,Mexico,Liga MX Clausura,Santos Laguna,Mexico,Liga MX Clausura,Tigres UANL
Pau López,Italy,Serie A,AS Roma,France,Ligue 1,Olympique Marseille
Maximilian Wöber,Austria,Bundesliga,Red Bull Salzburg,England,Premier League,Leeds United
Marc Roca,Germany,Bundesliga,Bayern Munich,England,Premier League,Leeds United
Alexis Beka Beka,Russia,Premier Liga,Lokomotiv Moscow,France,Ligue 1,OGC Nice
Stanley Nsoki,Belgium,Jupiler Pro League,Club Brugge KV,Germany,Bundesliga,TSG 1899 Hoffenheim
David Datro Fofana,Norway,Eliteserien,Molde FK,England,Premier League,Chelsea FC
Naouirou Ahamada,Germany,Bundesliga,VfB Stuttgart,England,Premier League,Crystal Palace
Chris Richards,Germany,Bundesliga,Bayern Munich,England,Premier League,Crystal Palace
Agustín Álvarez,Uruguay,Primera División Clausura,CA Peñarol,Italy,Serie A,US Sassuolo
Gabriel Veron,Brazil,Série A,Sociedade Esportiva Palmeiras,Portugal,Liga Portugal,FC Porto
Luís Maximiano,Spain,LaLiga2,Granada CF,Italy,Serie A,SS Lazio
Willian José,Spain,LaLiga,Real Sociedad,Spain,LaLiga,Real Betis Balompié
Owen Wijndal,Netherlands,Eredivisie,AZ Alkmaar,Netherlands,Eredivisie,Ajax Amsterdam
Marko Grujić,England,Premier League,Liverpool FC,Portugal,Liga Portugal,FC Porto
Samuele Ricci,Italy,Serie A,FC Empoli,Italy,Serie A,Torino FC
Antonin Barak,Italy,Serie A,Hellas Verona,Italy,Serie A,ACF Fiorentina
Billy Gilmour,England,Premier League,Chelsea FC,England,Premier League,Brighton & Hove Albion
Luiz Henrique,Brazil,Série A,Fluminense Football Club,Spain,LaLiga,Real Betis Balompié
Angelo Fulgini,France,Ligue 1,Angers SCO,Germany,Bundesliga,1.FSV Mainz 05
Fábio Carvalho,England,Premier League,Fulham FC,England,Premier League,Liverpool FC
João Pedro,Italy,Serie B,Cagliari Calcio,Turkey,Süper Lig,Fenerbahce
Idrissa Gueye,France,Ligue 1,Paris Saint-Germain,England,Premier League,Everton FC
Sérgio Oliveira,Portugal,Liga Portugal,FC Porto,Turkey,Süper Lig,Galatasaray
Maxi Gómez,Spain,LaLiga,Valencia CF,Turkey,Süper Lig,Trabzonspor
Andrea Petagna,Italy,Serie A,SSC Napoli,Italy,Serie A,AC Monza
Karl Toko Ekambi,France,Ligue 1,Olympique Lyon,France,Ligue 1,Stade Rennais FC
Razvan Marin,Italy,Serie B,Cagliari Calcio,Italy,Serie A,FC Empoli
Boulaye Dia,Spain,LaLiga,Villarreal CF,Italy,Serie A,US Salernitana 1919
Krzysztof Piatek,Germany,Bundesliga,Hertha BSC,Italy,Serie A,US Salernitana 1919
Kevin Schade,Germany,Bundesliga,SC Freiburg,England,Premier League,Brentford FC
Diego Llorente,England,Premier League,Leeds United,Italy,Serie A,AS Roma
Sam Johnstone,England,Championship,West Bromwich Albion,England,Premier League,Crystal Palace
André Onana,Netherlands,Eredivisie,Ajax Amsterdam,Italy,Serie A,Inter Milan
Divock Origi,England,Premier League,Liverpool FC,Italy,Serie A,AC Milan
Clément Lenglet,Spain,LaLiga,FC Barcelona,England,Premier League,Tottenham Hotspur
Ángel Di María,France,Ligue 1,Paris Saint-Germain,Italy,Serie A,Juventus FC
Taty Castellanos,United States,MLS,New York City FC,Spain,LaLiga,Girona FC
Adnan Januzaj,Spain,LaLiga,Real Sociedad,Spain,LaLiga,Sevilla FC
Loïc Badé,France,Ligue 1,Stade Rennais FC,England,Premier League,Nottingham Forest
Marcos Alonso,England,Premier League,Chelsea FC,Spain,LaLiga,FC Barcelona
Gustavo Scarpa,Brazil,Paulistão A1 - Primeira fase,Sociedade Esportiva Palmeiras,England,Premier League,Nottingham Forest
Kasper Dolberg,France,Ligue 1,OGC Nice,Germany,Bundesliga,TSG 1899 Hoffenheim
Bryan Gil,England,Premier League,Tottenham Hotspur,Spain,LaLiga,Sevilla FC
Sergi Canós,England,Premier League,Brentford FC,Greece,Super League 1,Olympiacos Piraeus
Matt Doherty,England,Premier League,Tottenham Hotspur,Spain,LaLiga,Atlético de Madrid
Andrey Santos,England,Premier League,Chelsea FC,Brazil,Carioca - Taça Guanabara,Clube de Regatas Vasco da Gama
Marcus Tavernier,England,Championship,Middlesbrough FC,England,Premier League,AFC Bournemouth
Julio Enciso,Paraguay,Primera División Clausura,Club Libertad Asunción,England,Premier League,Brighton & Hove Albion
Youssouf Ndayishimiye,Turkey,Süper Lig,Basaksehir FK,France,Ligue 1,OGC Nice
Mario Lemina,France,Ligue 1,OGC Nice,England,Premier League,Wolverhampton Wanderers
Máximo Perrone,Argentina,Liga Profesional,CA Vélez Sarsfield,England,Premier League,Manchester City
Lyle Foster,Belgium,Jupiler Pro League,KVC Westerlo,England,Championship,Burnley FC
Amin Sarr,Netherlands,Eredivisie,SC Heerenveen,France,Ligue 1,Olympique Lyon
Joshua Zirkzee,Germany,Bundesliga,Bayern Munich,Italy,Serie A,Bologna FC 1909
Matheus Henrique,Brazil,Série B,Grêmio Foot-Ball Porto Alegrense,Italy,Serie A,US Sassuolo
Ludovic Ajorque,France,Ligue 1,RC Strasbourg Alsace,Germany,Bundesliga,1.FSV Mainz 05
Nicolás Tagliafico,Netherlands,Eredivisie,Ajax Amsterdam,France,Ligue 1,Olympique Lyon
Mady Camara,Greece,Super League 1,Olympiacos Piraeus,Italy,Serie A,AS Roma
Flynn Downes,Wales,Championship,Swansea City,England,Premier League,West Ham United
Gabriel Sara,Brazil,Série A,São Paulo Futebol Clube,England,Championship,Norwich City
James Garner,England,Premier League 2,Manchester United U21,England,Premier League,Everton FC
Antoine Semenyo,England,Championship,Bristol City,England,Premier League,AFC Bournemouth
Nicolás Ibáñez,Mexico,Liga MX Clausura,CF Pachuca,Mexico,Liga MX Clausura,Tigres UANL
Dango Ouattara,France,Ligue 1,FC Lorient,England,Premier League,AFC Bournemouth
Armel Bella-Kotchap,Germany,Bundesliga,VfL Bochum,England,Premier League,Southampton FC
Jakub Kaminski,Poland,Ekstraklasa,Lech Poznan,Germany,Bundesliga,VfL Wolfsburg
Rúben Vinagre,England,Premier League,Wolverhampton Wanderers,Portugal,Liga Portugal,Sporting CP
Jens Petter Hauge,Italy,Serie A,AC Milan,Germany,Bundesliga,Eintracht Frankfurt
Giulian Biancone,France,Ligue 1,ESTAC Troyes,England,Premier League,Nottingham Forest
Kristian Thorstvedt,Belgium,Jupiler Pro League,KRC Genk,Italy,Serie A,US Sassuolo
Luis Suárez,Spain,LaLiga2,Granada CF,France,Ligue 1,Olympique Marseille
Junya Ito,Belgium,Jupiler Pro League,KRC Genk,France,Ligue 1,Stade Reims
Borja Mayoral,Spain,LaLiga,Real Madrid,Spain,LaLiga,Getafe CF
Armand Laurienté,France,Ligue 1,FC Lorient,Italy,Serie A,US Sassuolo
Jeffinho,Brazil,Carioca - Taça Guanabara,Botafogo de Futebol e Regatas,France,Ligue 1,Olympique Lyon
Ademola Lookman,Germany,Bundesliga,RB Leipzig,Italy,Serie A,Atalanta BC
Guglielmo Vicario,Italy,Serie B,Cagliari Calcio,Italy,Serie A,FC Empoli
Rolando Mandragora,Italy,Serie A,Juventus FC,Italy,Serie A,ACF Fiorentina
Gerónimo Rulli,Spain,LaLiga,Villarreal CF,Netherlands,Eredivisie,Ajax Amsterdam
Artur,Brazil,Paulistão A1 - Primeira fase,Red Bull Bragantino,Brazil,Paulistão A1 - Primeira fase,Sociedade Esportiva Palmeiras
Joe Aribo,Scotland,Premiership,Rangers FC,England,Premier League,Southampton FC
Beto,Portugal,Liga Portugal,Portimonense SC,Italy,Serie A,Udinese Calcio
Ozan Kabak,Germany,Bundesliga,FC Schalke 04,Germany,Bundesliga,TSG 1899 Hoffenheim
Sofiane Boufal,France,Ligue 1,Angers SCO,Qatar,Stars League,Al-Rayyan SC
Mislav Orsic,Croatia,SuperSport HNL,GNK Dinamo Zagreb,England,Premier League,Southampton FC
Gianluca Caprari,Italy,Serie A,UC Sampdoria,Italy,Serie A,Hellas Verona
Kristjan Asllani,Italy,Serie A,FC Empoli,Italy,Serie A,Inter Milan
Wilfried Gnonto,Switzerland,Super League,FC Zürich,England,Premier League,Leeds United
Hugo Duro,Spain,LaLiga,Getafe CF,Spain,LaLiga,Valencia CF
Mahmoud Trezeguet,England,Premier League,Aston Villa,Turkey,Süper Lig,Trabzonspor
Michy Batshuayi,England,Premier League,Chelsea FC,Turkey,Süper Lig,Fenerbahce
Mario Götze,Netherlands,Eredivisie,PSV Eindhoven,Germany,Bundesliga,Eintracht Frankfurt
Gianluca Caprari,Italy,Serie A,Hellas Verona,Italy,Serie A,AC Monza
Léo Dubois,France,Ligue 1,Olympique Lyon,Turkey,Süper Lig,Galatasaray
Aster Vranckx,Germany,Bundesliga,VfL Wolfsburg,Italy,Serie A,AC Milan
Alexander Sörloth,Germany,Bundesliga,RB Leipzig,Spain,LaLiga,Real Sociedad
Mathias Normann,Russia,Premier Liga,FK Rostov,Russia,Premier Liga,Dynamo Moscow
Romain Faivre,France,Ligue 1,Olympique Lyon,France,Ligue 1,FC Lorient
Aleksey Miranchuk,Italy,Serie A,Atalanta BC,Italy,Serie A,Torino FC
Pierluigi Gollini,Italy,Serie A,Atalanta BC,Italy,Serie A,ACF Fiorentina
Alessio Cragno,Italy,Serie B,Cagliari Calcio,Italy,Serie A,AC Monza
Manu Sánchez,Spain,LaLiga,Atlético de Madrid,Spain,LaLiga,CA Osasuna
Cyle Larin,Turkey,Süper Lig,Besiktas JK,Belgium,Jupiler Pro League,Club Brugge KV
Ivan Perisic,Italy,Serie A,Inter Milan,England,Premier League,Tottenham Hotspur
Federico Bernardeschi,Italy,Serie A,Juventus FC,Canada,MLS,Toronto FC
Alex Mowatt,England,Championship,West Bromwich Albion,England,Championship,Middlesbrough FC
Ander Herrera,France,Ligue 1,Paris Saint-Germain,Spain,LaLiga,Athletic Bilbao
Nicolò Rovella,Italy,Serie A,Juventus FC,Italy,Serie A,AC Monza
Stefan Posch,Germany,Bundesliga,TSG 1899 Hoffenheim,Italy,Serie A,Bologna FC 1909
Serhou Guirassy,France,Ligue 1,Stade Rennais FC,Germany,Bundesliga,VfB Stuttgart
Ainsley Maitland-Niles,England,Premier League,Arsenal FC,England,Premier League,Southampton FC
Amine Harit,Germany,Bundesliga,FC Schalke 04,France,Ligue 1,Olympique Marseille
Allan,England,Premier League,Everton FC,United Arab Emirates,UAE Pro League,Al-Wahda FC Abu Dhabi
Loïc Badé,France,Ligue 1,Stade Rennais FC,Spain,LaLiga,Sevilla FC
Kayky,England,Premier League 2,Manchester City U21,Brazil,Nordeste - Fase de Grupos,Esporte Clube Bahia
Chris Wood,England,Premier League,Newcastle United,England,Premier League,Nottingham Forest
Matheus Pereira,Saudi Arabia,Saudi Pro League,Al-Hilal Saudi FC,United Arab Emirates,UAE Pro League,Al-Wahda FC Abu Dhabi
Pape Gueye,France,Ligue 1,Olympique Marseille,Spain,LaLiga,Sevilla FC
Jeff Reine-Adélaïde,France,Ligue 1,Olympique Lyon,France,Ligue 1,ESTAC Troyes
Marquinhos,England,Premier League,Arsenal FC,England,Championship,Norwich City
Florian Thauvin,Mexico,Liga MX Clausura,Tigres UANL,Italy,Serie A,Udinese Calcio
Loïs Openda,Belgium,Jupiler Pro League,Club Brugge KV,France,Ligue 1,RC Lens
Cucho Hernández,England,Championship,Watford FC,United States,MLS,Columbus Crew
José Manuel López,Argentina,Liga Profesional,Club Atlético Lanús,Brazil,Série A,Sociedade Esportiva Palmeiras
João Victor,Brazil,Série A,Sport Club Corinthians Paulista,Portugal,Liga Portugal,SL Benfica
Andreas Pereira,England,Premier League,Manchester United,England,Premier League,Fulham FC
Ahmetcan Kaplan,Turkey,Süper Lig,Trabzonspor,Netherlands,Eredivisie,Ajax Amsterdam
Evander,Denmark,Superligaen,FC Midtjylland,United States,MLS,Portland Timbers
Miralem Pjanic,Spain,LaLiga,FC Barcelona,United Arab Emirates,UAE Pro League,Sharjah FC
Lewis O'Brien,England,Championship,Huddersfield Town,England,Premier League,Nottingham Forest
Alphonse Areola,France,Ligue 1,Paris Saint-Germain,England,Premier League,West Ham United
Gabriel Slonina,United States,MLS,Chicago Fire FC,England,Premier League,Chelsea FC
Andrea Colpani,Italy,Serie A,Atalanta BC,Italy,Serie A,AC Monza
Perr Schuurs,Netherlands,Eredivisie,Ajax Amsterdam,Italy,Serie A,Torino FC
Christopher Wooh,France,Ligue 1,RC Lens,France,Ligue 1,Stade Rennais FC
Andreas Schjelderup,Denmark,Superligaen,FC Nordsjaelland,Portugal,Liga Portugal,SL Benfica
Jonas Omlin,France,Ligue 1,Montpellier HSC,Germany,Bundesliga,Borussia Mönchengladbach
Josip Juranovic,Scotland,Premiership,Celtic FC,Germany,Bundesliga,1.FC Union Berlin
Jhon Lucumí,Belgium,Jupiler Pro League,KRC Genk,Italy,Serie A,Bologna FC 1909
Adam Buksa,United States,MLS,New England Revolution,France,Ligue 1,RC Lens
Andreas Cornelius,Turkey,Süper Lig,Trabzonspor,Denmark,Superligaen,FC Copenhagen
Facundo Buonanotte,Argentina,Liga Profesional,CA Rosario Central,England,Premier League,Brighton & Hove Albion
Kevin Mbabu,Germany,Bundesliga,VfL Wolfsburg,England,Premier League,Fulham FC
Anders Dreyer,Denmark,Superligaen,FC Midtjylland,Belgium,Jupiler Pro League,RSC Anderlecht
Bernd Leno,England,Premier League,Arsenal FC,England,Premier League,Fulham FC
Kristijan Jakic,Croatia,SuperSport HNL,GNK Dinamo Zagreb,Germany,Bundesliga,Eintracht Frankfurt
Anwar El Ghazi,England,Premier League,Aston Villa,Netherlands,Eredivisie,PSV Eindhoven
Predrag Rajković,France,Ligue 1,Stade Reims,Spain,LaLiga,RCD Mallorca
Nikola Moro,Russia,Premier Liga,Dynamo Moscow,Italy,Serie A,Bologna FC 1909
Ricardo Pepi,Germany,Bundesliga,FC Augsburg,Netherlands,Eredivisie,FC Groningen
Thorgan Hazard,Germany,Bundesliga,Borussia Dortmund,Netherlands,Eredivisie,PSV Eindhoven
Luca Pellegrini,Italy,Serie A,Juventus FC,Germany,Bundesliga,Eintracht Frankfurt
Luca Pellegrini,Italy,Serie A,Juventus FC,Italy,Serie A,SS Lazio
Jean-Philippe Gbamin,England,Premier League,Everton FC,Turkey,Süper Lig,Trabzonspor
Freddie Woodman,England,Premier League,Newcastle United,England,Championship,Preston North End
Angelo Fulgini,Germany,Bundesliga,1.FSV Mainz 05,France,Ligue 1,RC Lens
Óscar Rodríguez,Spain,LaLiga,Sevilla FC,Spain,LaLiga,Celta de Vigo
Unai Núñez,Spain,LaLiga,Athletic Bilbao,Spain,LaLiga,Celta de Vigo
Ilaix Moriba,Germany,Bundesliga,RB Leipzig,Spain,LaLiga,Valencia CF
Rafinha,France,Ligue 1,Paris Saint-Germain,Qatar,Stars League,Al-Arabi SC
Luis Suárez,France,Ligue 1,Olympique Marseille,Spain,LaLiga,UD Almería
Portu,Spain,LaLiga,Real Sociedad,Spain,LaLiga,Getafe CF
Paco Alcácer,Spain,LaLiga,Villarreal CF,United Arab Emirates,UAE Pro League,Sharjah FC
Julien Duranville,Belgium,Jupiler Pro League,RSC Anderlecht,Germany,Bundesliga,Borussia Dortmund
Ritsu Doan,Netherlands,Eredivisie,PSV Eindhoven,Germany,Bundesliga,SC Freiburg
Omar Richards,Germany,Bundesliga,Bayern Munich,England,Premier League,Nottingham Forest
Giulio Maggiore,Italy,Serie A,Spezia Calcio,Italy,Serie A,US Salernitana 1919
Nathan Ngoumou,France,Ligue 1,FC Toulouse,Germany,Bundesliga,Borussia Mönchengladbach
Yann Sommer,Germany,Bundesliga,Borussia Mönchengladbach,Germany,Bundesliga,Bayern Munich
Alexander Bah,Czech Republic,Fortuna Liga,SK Slavia Prague,Portugal,Liga Portugal,SL Benfica
César Montes,Mexico,Liga MX Clausura,CF Monterrey,Spain,LaLiga,RCD Espanyol Barcelona
Ismaël Koné,Canada,MLS,CF Montréal,England,Championship,Watford FC
André Almeida,Portugal,Liga Portugal,Vitória Guimarães SC,Spain,LaLiga,Valencia CF
Simon Adingra,Denmark,Superligaen,FC Nordsjaelland,England,Premier League,Brighton & Hove Albion
Yann Sommer,Germany,Bundesliga,Borussia Mönchengladbach,Germany,Bundesliga,Bayern Munich
Marcos Antônio,Ukraine,Premier Liga,Shakhtar Donetsk,Italy,Serie A,SS Lazio
Kaiky,Brazil,Série A,Santos FC,Spain,LaLiga,UD Almería
Abner,Brazil,Série A,Club Athletico Paranaense,Spain,LaLiga,Real Betis Balompié
Bamba Dieng,France,Ligue 1,Olympique Marseille,France,Ligue 1,FC Lorient
Lucas Alario,Germany,Bundesliga,Bayer 04 Leverkusen,Germany,Bundesliga,Eintracht Frankfurt
Patrick Wimmer,Germany,2. Bundesliga,Arminia Bielefeld,Germany,Bundesliga,VfL Wolfsburg
Anders Dreyer,Russia,1.Division,Rubin Kazan,Denmark,Superligaen,FC Midtjylland
Francisco Conceição,Portugal,Liga Portugal,FC Porto,Netherlands,Eredivisie,Ajax Amsterdam
Flavius Daniliuc,France,Ligue 1,OGC Nice,Italy,Serie A,US Salernitana 1919
Carlos Vinícius,Portugal,Liga Portugal,SL Benfica,England,Premier League,Fulham FC
Martín Ojeda,Argentina,Liga Profesional,CD Godoy Cruz Antonio Tomba,United States,MLS,Orlando City SC
Denis Bouanga,France,Ligue 2,AS Saint-Étienne,United States,MLS,Los Angeles FC
Wanderson,Russia,Premier Liga,FK Krasnodar,Brazil,Campeonato Gaúcho,Sport Club Internacional
Enis Bardhi,Spain,LaLiga2,Levante UD,Turkey,Süper Lig,Trabzonspor
Kastriot Imeri,Switzerland,Super League,Servette FC,Switzerland,Super League,BSC Young Boys
Moi Gómez,Spain,LaLiga,Villarreal CF,Spain,LaLiga,CA Osasuna
Todd Cantwell,England,Championship,Norwich City,Scotland,Premiership,Rangers FC
Haris Seferovic,Portugal,Liga Portugal,SL Benfica,Turkey,Süper Lig,Galatasaray
Malang Sarr,England,Premier League,Chelsea FC,Monaco,Ligue 1,AS Monaco
Domingos Duarte,Spain,LaLiga2,Granada CF,Spain,LaLiga,Getafe CF
Alejandro Pozuelo,Canada,MLS,Toronto FC,United States,MLS,Inter Miami CF
Romain Saïss,England,Premier League,Wolverhampton Wanderers,Turkey,Süper Lig,Besiktas JK
Isaac Hayden,England,Premier League,Newcastle United,England,Championship,Norwich City
Jordan Larsson,Russia,Premier Liga,Spartak Moscow,Germany,Bundesliga,FC Schalke 04
Henrikh Mkhitaryan,Italy,Serie A,AS Roma,Italy,Serie A,Inter Milan
Abdallah Sima,England,Premier League,Brighton & Hove Albion,France,Ligue 1,Angers SCO
Joshua King,England,Championship,Watford FC,Turkey,Süper Lig,Fenerbahce
Christos Tzolis,England,Championship,Norwich City,Netherlands,Eredivisie,Twente Enschede FC
Zinho Vanheusden,Italy,Serie A,Inter Milan,Netherlands,Eredivisie,AZ Alkmaar
Pol Lirola,France,Ligue 1,Olympique Marseille,Spain,LaLiga,Elche CF
Jens Petter Hauge,Germany,Bundesliga,Eintracht Frankfurt,Belgium,Jupiler Pro League,KAA Gent
Reinier,Spain,LaLiga,Real Madrid,Spain,LaLiga,Girona FC
Kacper Kozlowski,England,Premier League,Brighton & Hove Albion,Netherlands,Eredivisie,Vitesse Arnhem
Marco Carnesecchi,Italy,Serie A,Atalanta BC,Italy,Serie A,US Cremonese
Munir El Haddadi,Spain,LaLiga,Sevilla FC,Spain,LaLiga,Getafe CF
Abde Ezzalzouli,Spain,LaLiga,FC Barcelona,Spain,LaLiga,CA Osasuna
Djibril Sidibé,Monaco,Ligue 1,AS Monaco,Greece,Super League 1,AEK Athens
Cédric Bakambu,France,Ligue 1,Olympique Marseille,Greece,Super League 1,Olympiacos Piraeus
Cameron Archer,England,Premier League,Aston Villa,England,Championship,Middlesbrough FC
João Victor,Portugal,Liga Portugal,SL Benfica,France,Ligue 1,FC Nantes
Joe Gelhardt,England,Premier League,Leeds United,England,Championship,Sunderland AFC
Nedim Bajrami,Italy,Serie A,FC Empoli,Italy,Serie A,US Sassuolo
Lewis O'Brien,England,Premier League,Nottingham Forest,United States,MLS,D.C. United
Vedat Muriqi,Italy,Serie A,SS Lazio,Spain,LaLiga,RCD Mallorca
Jean-Victor Makengo,Italy,Serie A,Udinese Calcio,France,Ligue 1,FC Lorient
Bartol Franjic,Croatia,SuperSport HNL,GNK Dinamo Zagreb,Germany,Bundesliga,VfL Wolfsburg
Jota,Portugal,Liga Portugal,SL Benfica,Scotland,Premiership,Celtic FC
Ousmane Diomande,Denmark,Superligaen,FC Midtjylland,Portugal,Liga Portugal,Sporting CP
Nicolò Casale,Italy,Serie A,Hellas Verona,Italy,Serie A,SS Lazio
Takefusa Kubo,Spain,LaLiga,Real Madrid,Spain,LaLiga,Real Sociedad
Julian Ryerson,Germany,Bundesliga,1.FC Union Berlin,Germany,Bundesliga,Borussia Dortmund
Guus Til,Russia,Premier Liga,Spartak Moscow,Netherlands,Eredivisie,PSV Eindhoven
Josip Brekalo,Germany,Bundesliga,VfL Wolfsburg,Italy,Serie A,ACF Fiorentina
Grischa Prömel,Germany,Bundesliga,1.FC Union Berlin,Germany,Bundesliga,TSG 1899 Hoffenheim
Ezgjan Alioski,Saudi Arabia,Without League,Al-Ahli Saudi FC,Turkey,Süper Lig,Fenerbahce
Isco,Spain,LaLiga,Real Madrid,Spain,LaLiga,Sevilla FC
Alexandru Cicaldau,Turkey,Süper Lig,Galatasaray,United Arab Emirates,UAE Pro League,Al-Ittihad Kalba SC
Quinten Timber,Netherlands,Eredivisie,FC Utrecht,Netherlands,Eredivisie,Feyenoord Rotterdam
Cameron Carter-Vickers,England,Premier League,Tottenham Hotspur,Scotland,Premiership,Celtic FC
Strahinja Pavlovic,Monaco,Ligue 1,AS Monaco,Austria,Bundesliga,Red Bull Salzburg
Matteo Lovato,Italy,Serie A,Atalanta BC,Italy,Serie A,US Salernitana 1919
Aaron Boupendza,Qatar,Stars League,Al-Arabi SC,Saudi Arabia,Saudi Pro League,Al-Shabab Club (Riyadh)
Malick Thiaw,Germany,Bundesliga,FC Schalke 04,Italy,Serie A,AC Milan
Lázaro,Brazil,Série A,CR Flamengo,Spain,LaLiga,UD Almería
Ayrton Lucas,Russia,Premier Liga,Spartak Moscow,Brazil,Carioca - Taça Guanabara,CR Flamengo
Casper Tengstedt,Norway,Eliteserien,Rosenborg BK,Portugal,Liga Portugal,SL Benfica
Oscar Gloukh,Israel,Ligat ha'Al,Maccabi Tel Aviv,Austria,Bundesliga,Red Bull Salzburg
Samuel Lino,Portugal,Liga Portugal,Gil Vicente FC,Spain,LaLiga,Atlético de Madrid
Jorge Carrascal,Argentina,Liga Profesional,CA River Plate,Russia,Premier Liga,CSKA Moscow
Jordan,Switzerland,Super League,BSC Young Boys,Germany,Bundesliga,1.FC Union Berlin
Giuliano Galoppo,Argentina,Liga Profesional,CA Banfield,Brazil,Série A,São Paulo Futebol Clube
Matheus Martins,Brazil,Carioca - Taça Guanabara,Fluminense Football Club,Italy,Serie A,Udinese Calcio
Cristian Arango,United States,MLS,Los Angeles FC,Mexico,Liga MX Clausura,CF Pachuca
Luan Peres,France,Ligue 1,Olympique Marseille,Turkey,Süper Lig,Fenerbahce
Toby Alderweireld,Qatar,Stars League,Al-Duhail SC,Belgium,Jupiler Pro League,Royal Antwerp FC
Ui-jo Hwang,France,Ligue 2,FC Girondins Bordeaux,England,Premier League,Nottingham Forest
Fabien Centonze,France,Ligue 2,FC Metz,France,Ligue 1,FC Nantes
Marquinhos,Brazil,Série A,São Paulo Futebol Clube,England,Premier League,Arsenal FC
Raoul Bellanova,Italy,Serie B,Cagliari Calcio,Italy,Serie A,Inter Milan
Willian Arão,Brazil,Série A,CR Flamengo,Turkey,Süper Lig,Fenerbahce
Morten Thorsby,Italy,Serie A,UC Sampdoria,Germany,Bundesliga,1.FC Union Berlin
Théo Bongonda,Belgium,Jupiler Pro League,KRC Genk,Spain,LaLiga,Cádiz CF
Adam Ounas,Italy,Serie A,SSC Napoli,France,Ligue 1,LOSC Lille
Wesley,Brazil,Paulistão A1 - Primeira fase,Sociedade Esportiva Palmeiras,Brazil,Campeonato Mineiro,Cruzeiro Esporte Clube
Eldor Shomurodov,Italy,Serie A,AS Roma,Italy,Serie A,Spezia Calcio
Nicolas Raskin,Belgium,Jupiler Pro League,Standard Liège,Scotland,Premiership,Rangers FC
Agustín Rossi,Argentina,Liga Profesional,CA Boca Juniors,Saudi Arabia,Saudi Pro League,Al-Nassr FC
Oliver Abildgaard,Russia,1.Division,Rubin Kazan,Scotland,Premiership,Celtic FC
Raoul Bellanova,France,Ligue 2,FC Girondins Bordeaux,Italy,Serie B,Cagliari Calcio
Diogo Leite,Portugal,Liga Portugal,FC Porto,Germany,Bundesliga,1.FC Union Berlin
Kenedy,England,Premier League,Chelsea FC,Spain,LaLiga,Real Valladolid CF
Maycon,Ukraine,Premier Liga,Shakhtar Donetsk,Brazil,Paulistão A1 - Primeira fase,Sport Club Corinthians Paulista
Andreaw Gravillon,France,Ligue 1,Stade Reims,Italy,Serie A,Torino FC
Anthony Caci,France,Ligue 1,RC Strasbourg Alsace,Germany,Bundesliga,1.FSV Mainz 05
John Swift,England,Championship,Reading FC,England,Championship,West Bromwich Albion
Taylor Harwood-Bellis,England,Premier League 2,Manchester City U21,England,Championship,Burnley FC
Stefano Sensi,Italy,Serie A,Inter Milan,Italy,Serie A,AC Monza
Martín Satriano,Italy,Serie A,Inter Milan,Italy,Serie A,FC Empoli
Colin Dagba,France,Ligue 1,Paris Saint-Germain,France,Ligue 1,RC Strasbourg Alsace
Ghislain Konan,France,Ligue 1,Stade Reims,Saudi Arabia,Saudi Pro League,Al-Nassr FC
Thomas Strakosha,Italy,Serie A,SS Lazio,England,Premier League,Brentford FC
Samuel Lino,Spain,LaLiga,Atlético de Madrid,Spain,LaLiga,Valencia CF
Riqui Puig,Spain,LaLiga,FC Barcelona,United States,MLS,Los Angeles Galaxy
Yeferson Soteldo,Mexico,Liga MX Clausura,Tigres UANL,Brazil,Série A,Santos FC
Ui-jo Hwang,England,Premier League,Nottingham Forest,Greece,Super League 1,Olympiacos Piraeus
Jack Stephens,England,Premier League,Southampton FC,England,Premier League,AFC Bournemouth
John Anthony Brooks,Germany,Bundesliga,VfL Wolfsburg,Portugal,Liga Portugal,SL Benfica
Lucien Agoumé,Italy,Serie A,Inter Milan,France,Ligue 1,ESTAC Troyes
Uroš Račić,Spain,LaLiga,Valencia CF,Portugal,Liga Portugal,SC Braga
Milot Rashica,England,Championship,Norwich City,Turkey,Süper Lig,Galatasaray
Paulinho,Germany,Bundesliga,Bayer 04 Leverkusen,Brazil,Campeonato Mineiro,Clube Atlético Mineiro
Igor Gomes,Brazil,Paulistão A1 - Primeira fase,São Paulo Futebol Clube,Brazil,Campeonato Mineiro,Clube Atlético Mineiro
Liam Delap,England,Premier League 2,Manchester City U21,England,Championship,Preston North End
Jonjo Shelvey,England,Premier League,Newcastle United,England,Premier League,Nottingham Forest
Adnan Januzaj,Spain,LaLiga,Sevilla FC,Turkey,Süper Lig,Basaksehir FK
Miguel Borja,Colombia,Liga DIMAYOR II,Junior FC,Argentina,Liga Profesional,CA River Plate
Sávio,Brazil,Série A,Clube Atlético Mineiro,France,Ligue 1,ESTAC Troyes
Cyriel Dessers,Belgium,Jupiler Pro League,KRC Genk,Italy,Serie A,US Cremonese
Samir Caetano,England,Championship,Watford FC,Mexico,Liga MX Clausura,Tigres UANL
Yira Sor,Czech Republic,Fortuna Liga,SK Slavia Prague,Belgium,Jupiler Pro League,KRC Genk
Stipe Biuk,Croatia,SuperSport HNL,HNK Hajduk Split,United States,MLS,Los Angeles FC
Gedson Fernandes,Portugal,Liga Portugal,SL Benfica,Turkey,Süper Lig,Besiktas JK
Alberth Elis,Portugal,Liga Portugal,Boavista FC,France,Ligue 2,FC Girondins Bordeaux
Ridvan Yilmaz,Turkey,Süper Lig,Besiktas JK,Scotland,Premiership,Rangers FC
Mostafa Mohamed,Egypt,Premier League,Zamalek SC,Turkey,Süper Lig,Galatasaray
Nicolás Castro,Argentina,Liga Profesional,CA Newell's Old Boys,Belgium,Jupiler Pro League,KRC Genk
Andreaw Gravillon,Italy,Serie A,Inter Milan,France,Ligue 1,Stade Reims
Dion Beljo,Croatia,SuperSport HNL,NK Osijek,Germany,Bundesliga,FC Augsburg
Erick Pulgar,Italy,Serie A,ACF Fiorentina,Brazil,Série A,CR Flamengo
Selim Amallah,Belgium,Jupiler Pro League,Standard Liège,Spain,LaLiga,Real Valladolid CF
Mostafa Mohamed,Turkey,Süper Lig,Galatasaray,France,Ligue 1,FC Nantes
Niklas Stark,Germany,Bundesliga,Hertha BSC,Germany,Bundesliga,SV Werder Bremen
Jed Wallace,England,Championship,Millwall FC,England,Championship,West Bromwich Albion
Rémy Cabella,France,Ligue 1,Montpellier HSC,France,Ligue 1,LOSC Lille
Santiago Ascacíbar,Germany,Bundesliga,Hertha BSC,Italy,Serie A,US Cremonese
Víctor Guzmán,Mexico,Liga MX Clausura,CF Pachuca,Mexico,Liga MX Clausura,Deportivo Guadalajara
Santiago Ascacíbar,Germany,Bundesliga,Hertha BSC,Argentina,Liga Profesional,Club Estudiantes de La Plata
Matt Turner,United States,MLS,New England Revolution,England,Premier League,Arsenal FC
Jörgen Strand Larsen,Netherlands,Eredivisie,FC Groningen,Spain,LaLiga,Celta de Vigo
Bjorn Meijer,Netherlands,Eredivisie,FC Groningen,Belgium,Jupiler Pro League,Club Brugge KV
Fernando,Ukraine,Premier Liga,Shakhtar Donetsk,Austria,Bundesliga,Red Bull Salzburg
Mario Gila,Spain,Primera Federación - Gr. I,Real Madrid Castilla,Italy,Serie A,SS Lazio
Fausto Vera,Argentina,Liga Profesional,AA Argentinos Juniors,Brazil,Série A,Sport Club Corinthians Paulista
Matías Galarza,Argentina,Liga Profesional,AA Argentinos Juniors,Belgium,Jupiler Pro League,KRC Genk
David Hancko,Czech Republic,Fortuna Liga,AC Sparta Prague,Netherlands,Eredivisie,Feyenoord Rotterdam
Djordje Mihailovic,Canada,MLS,CF Montréal,Netherlands,Eredivisie,AZ Alkmaar
Felix Afena-Gyan,Italy,Serie A,AS Roma,Italy,Serie A,US Cremonese
Pep Biel,Denmark,Superligaen,FC Copenhagen,Greece,Super League 1,Olympiacos Piraeus
Yusuf Demir,Austria,Bundesliga,Rapid Vienna,Turkey,Süper Lig,Galatasaray
Enzo Copetti,Argentina,Liga Profesional,Racing Club,United States,MLS,Charlotte FC
Kiki Kouyaté,France,Ligue 2,FC Metz,France,Ligue 1,Montpellier HSC
Jayden Oosterwolde,Italy,Serie B,Parma Calcio 1913,Turkey,Süper Lig,Fenerbahce
Christian Benteke,England,Premier League,Crystal Palace,United States,MLS,D.C. United
Jonathan Rodríguez,Saudi Arabia,Saudi Pro League,Al-Nassr FC,Mexico,Liga MX Clausura,CF América
Valentin Rosier,Portugal,Liga Portugal,Sporting CP,Turkey,Süper Lig,Besiktas JK
Anel Ahmedhodzic,Sweden,Allsvenskan,Malmö FF,England,Championship,Sheffield United
Junior Messias,Italy,Serie C - C,FC Crotone,Italy,Serie A,AC Milan
Franco Cristaldo,Argentina,Liga Profesional,CA Huracán,Brazil,Campeonato Gaúcho,Grêmio Foot-Ball Porto Alegrense
Javairô Dilrosun,Germany,Bundesliga,Hertha BSC,Netherlands,Eredivisie,Feyenoord Rotterdam
Miguel Gutiérrez,Spain,LaLiga,Real Madrid,Spain,LaLiga,Girona FC
Matías Vargas,Spain,LaLiga,RCD Espanyol Barcelona,China,Super League,Shanghai Port
Julián Araujo,United States,MLS,Los Angeles Galaxy,Spain,Primera Federación - Gr. II,FC Barcelona Atlètic
Darwin Machís,Spain,LaLiga2,Granada CF,Mexico,Liga MX Clausura,FC Juárez
Gamid Agalarov,Russia,1.Division,FK Ufa,Russia,Premier Liga,Akhmat Grozny
Fredrik Midtsjö,Netherlands,Eredivisie,AZ Alkmaar,Turkey,Süper Lig,Galatasaray
Alistair Johnston,Canada,MLS,CF Montréal,Scotland,Premiership,Celtic FC
Amir Hadziahmetovic,Turkey,Süper Lig,Konyaspor,Turkey,Süper Lig,Besiktas JK
Gonzalo Plata,Portugal,Liga Portugal,Sporting CP,Spain,LaLiga,Real Valladolid CF
Lucas Piton,Brazil,Paulistão A1 - Primeira fase,Sport Club Corinthians Paulista,Brazil,Carioca - Taça Guanabara,Clube de Regatas Vasco da Gama
Willy Boly,England,Premier League,Wolverhampton Wanderers,England,Premier League,Nottingham Forest
Eric Bailly,England,Premier League,Manchester United,France,Ligue 1,Olympique Marseille
Bartlomiej Dragowski,Italy,Serie A,ACF Fiorentina,Italy,Serie A,Spezia Calcio
Pedro Raul,Japan,J1 League,Kashiwa Reysol,Brazil,Carioca - Taça Guanabara,Clube de Regatas Vasco da Gama
Daniel Wass,Spain,LaLiga,Atlético de Madrid,Denmark,Superligaen,Bröndby IF
